{
  "id_val_acc": 0.8370370268821716,
  "id_test_acc": 0.8703703284263611,
  "ood_val_acc": 0.8784648180007935,
  "ood_test_acc": 0.8522727489471436
}