{
  "id_val_acc": 0.8746829032897949,
  "id_test_acc": 0.8802638053894043,
  "ood_val_acc": 0.8707865476608276,
  "ood_test_acc": 0.8730453252792358
}