{
  "train_acc": 0.9509028196334839,
  "id_val_acc": 0.8762049674987793,
  "id_test_acc": 0.8828005790710449,
  "ood_val_acc": 0.8664453625679016,
  "ood_test_acc": 0.8547574877738953
}